Eth,
0x4F8337788B4a0228D0210ef65E6Af3443086966f,
0x13f6F1134D1E6db48756253F1796916962f67eb6,
0xB630AbD9a5367763B7CBa316e870c4A54064CC9F,
0x5eeD1F9c61521AEE51eb46FD809f865C2Ce93044,
0xb34860F27167Ed8110991e04E3E7177A58c74401,
0x280A156f28488D38897074110588e3B5493Dfe79,
0x078ad2Aa3B4527e4996D087906B2a3DA51BbA122,
0xbaC42c9b32e574f41B86e20FBA0cf479A5a1cA58,
0x1286B7C4d47Db07725c93E95841174116949268E,
0xcAfDfB1eb0FA4759a053A953Ae194de72f2131D7,
0x391cd59D33aeD135e8bA7475677b1bC781035B32,
0x4c973E0E6Dd28182A8CF29c78d56F8c1730CdA91,
0x12ffbA9510897FE8ED80Ac4dF4ace2ccC1D7D055,
0x52009393Fca73fa6dAA0D0bfeBeB4719d5Cdc713,
0x8B3818B0E7E267994272263c2fB69F2a510e8359,
0x8011F9Bb55e6BEeC05BcE1e64Ff669eAC33afDa4,
0x3855185860d2Fd7B0BeD37800de12a114b60B03f,
0xe38df4fc94172294164d51Dd5736Ba8a8ce6116A,
0xca4C7708DC417293a97Aa4f80E1a3e7084660EcE,
0xCC6BE3b981c4608BF76A51683a3EbF25445880b0,
0xe001891949372e1AA33C50c7EA19568bE32ecDE7,
0x30645a0F9b93633453493cB4029Fa9f2a4e9460B,
0x2464E1127b89257011Fa6cA06FC51b3ec0B093d5,
0xdEb6019B785AEFD31769b1Ac1f0081810fdE0faF,
0xa8DC00721252533D88B0455dd0B4aCd631Af1F10,
0xF930b0A0500D8F53b2E7EFa4F7bCB5cc0c71067E,
0x79fde1a1f3375801160Dfa000A1446d469dC8Ebd,
0x3747Df5378b7A681e54dCC4C7A52aB7BA174b770,
0x4851aE25872C530829D1677f99c429797BeeE736,
0x32130144209B9e08Aa81F23A0A5AbaA7e43Ee6E8,
0x83Ad673b6A84AE7dF6cf720c8b538d28af43154d,
0x89D988a9d8C0936f35DAF8E66A01ABb1dCf402C8,
0x4DfD1688Ec88704e0d43976c58c34dCDB12Ab55C,
0x722b6b32E54Eb32108d838eb77D45322e3bD762e,
0xA734c64fC76CFFc782e63079BB6703179ea2326d,
0x249A49d3201C1B92a1029Aab1BC76a6Ca8f5FFf0,
0x42ed72Dd7DABF3188B6806aD41AB96f950E964Cc,
0xB5D27f4017F52bFd1536f93f455D5d74F54631d3,
0x093284EAB6D4dd8dC219e5941dc23e48fd4F7b4F,
0x8c041FD959c5D4a4EA4ac9c4d67e42406e487130,
0x439bD861463Dee349E098FEBc98156DF97d8CdF3,
0xcB59cF754932Db68C4701b20a8349fe02C7F1542,
0x357264cB514C81F2DB7d6128167b8FC49956CADE,
0x8e2532a9550e39Aa23A24966f8e468248F186F5A,
0x579120e0325037cFe0B9FC7dc50B9BBDFAa92dd3,
0x6f3F3169e85D88b73dB78fDe69f7f6cCa4Af9349,
0xB7dF3ccb07ab40DBD9E5Fcb0d6c5B78A8bAbdfD4,
0xD2b6068984b32A48f91f99879e91aA737c5193e1,
0x1ffefDD68f3164167701B0A1e4EB960b006cFA81,
0x5B9BDEF9ab4988F26B714Fe6AE4C7269007f88d8,
0xDE5d54E00807f8a448A091c52042F18ffb8F797E,
0xc46707B43eFa02727bbAC1D453cBCB7dF99A0A12,
0x337c2617F61E9daE040794c9Fc5537eBeCc34FE7,
0x61E5Ae95ceAc9f53ae74EcA20ED4C19b8A6f6C95,
0xdA247D65101d38F1b396C22bA4D05BE3703d369d,
0xddA231d2EfD16Ed52b8c1F81c402CC8cd6E1965f,
0xB22167f459F9F48541E9BB809dBD4C0a04DeA6E8,
0xD3f4c8553665006dc0f85b57369F8Cc65d163665,
0xA530207191bC0fAF9a43EE546CE9B5Db08aD4997,
0xb86C2fa413422602c0cD50bf4441D32f705334d0,
0x3cB442C23fc17cB3bcFB32A679112e0A3481a3D8,
0x8bc7E5cDcf46Ab5C83E964d5Eb8fD728bE2E4cC9,
0x7911670881A81F8410d06053d7B3c237cE77b9B4,
0x7b17dF087859f731a2097fe040a1af3B70DF3c95,
0x3635B3d38B971ED37b17E6E1Ac685Af87bc8d930,
0xDC0B3127A71367227311f02Fe4Dda2A6cCDbAe78,
0x3d7f610FdcaC111F0B7c16384c2792E7e0AbB589,
0xE8DE914248c915060e629fEC5DdF3D01ce723588,
0x9f428D7306Dd6ce5f1D5C512C5e3402fdA94F3C9,
0xAa847D567d6968E59D1CAb8b1feA6897A21fAAee,
0xc8F1a199EEb0ECCedfb0F401b828EE6Fb894aaa7,
0xA7b783335145610CBF09124CDD9512AE55a843EC,
0xaE099730Dfc04C086Acd0Ad9881f86ac62AD0b7a,
0x9281f4d044a1C67E7647148ed5aCE6D63221315A,
0x9C453F02b5f86E31009080321F4Fe454D79d876A,
0x2eea4706F85b9A2D5DD9e9ff007F27C07443EAB1,
0xd26E23aAA39F29e07b299DA734C77765F6866A0E,
0xB01D1c8fC20b9fDA10dE441F4c7F4029b496C587,
0x1fDbFfD0d8e237E64E68A904c2a6F447a1aD5C90,
0xFDde23f401A53dE4E0B3E5E25Ea2125555F49CA0,
0x8Dd055b4b61b67f877a4E83F113768e133734eaD,
0x2610A6dC27423831489842b0325E1dbcC6142408,
0xDecd4b961B1984c44AFbADbE2844777A627572aA,
0x415fD9E1C4795C2a26b34870BAa9045472312eD8,
0xbd8C54148233B886cfBc2179aa53e252e135B6fC,
0x1d4F6aFC0E305048aE0A9bE9F76b4b89d4a360A5,
0x95ea630b8935b586CD7a2cDbabA153A7Fe70C090,
0x78c4B4A8BB8C7366b80F470D7dBeb3932e5261aF,
0x481f835AA9bC571E74a780FDa841ee0446929F26,
0xe4A77604802EE95603EC22CA0e4EBF981F6134a3,
0x39A1fAC8fd1dF7D0B42eA5AC7ADc8B8A3Cf834A3,
0x62dd369d50d91F9B53ACf356bd6b6432d48754bd,
0xb82f45A2ef5719f806cB49C0E10c98a3FD44a580,
0x6A82540Ac63046D2F21a159c00D84b84D22BD2B6,
0xb2130931Bcf45d57FAaE3380283857373E20c621,
0x3c558c330EA112d1d28ba0F1059CceCe212c48Ed,
0xe7661Cd7988C3a3f7B417ae10cBB7afF525ad921,
0xed4B17e5A48cbBC8684A0873C02475e54F3EE915,
0xE1441C61bfA1F10d9Ce1Dc453b1Ec7D57516D349,
0xb3e064bB9180F563b823aA60Cb50DBe8090Eea65,
0xEA04f6CCE26e22E3DBfF9A008683FAe5f96ED81f,
0xF0d6c982A9FdDdf421D2A1E5A09Fd63921f165cB,
0x2b0835b3c0f41967CEEF04Cb06f2FF58f148A557,
0x55c179C64a3512B90c76fb8895d2E37863B7D096,
0x3D3fB403f9614393304Ef477AC96543E39ea64dB,
0x21c9aba2392dD5e15CE74BF9C8685aC4907B5Fab,
0xf2Bc07DAc20b616e95c7F33B0340EaFfAd1756a7,
0xbC6600847b27ea353D0D041C721E545945e5E0A8,
0xd01f50d6540104EAD6CE57115b5E4999bc1Ad2da,
0xde08b96895C99F9983c631F7a9b7D504bebeeB94,
0x9B448C02Ed787eD3fF6B345D9f0a74AEfbe5906F,
0xeAb44dd5e7E1C9dbbe3Eb6Ebc121C3CDD0CC3579,
0xDAE6cA75bB2aFD213E5887513D8b1789122EaAea,
0xF68C5e1770e5aA9F6f7D52250aC91412766C2ef9,
0xB0CF4244026550e79CA20CA4F703429032Fa81b6,
0x48d1A6Fef4D1c407361098CF2e531981d325aa70,
0x99b7BBe8c39Dac8eb68DC066B72A6e5A5dd84D30,
0x5B8c9b17b6435ba390d1A6f5E141F2A36520C767,
0x48bd396c4551CFb1B153C3381A62f5b9eB9D79BE,
0x3d65C56447A1d97195D1d9D80445BbEDF1099A00,
0x77a3a65B2A99F9B243cF8374C1c6D9d6d2B924fB,
0x5d29b68AaFB22c491977EAcf7DFB1661D2832555,
0xAB8922790Eec28e07F3BdeF734A0648073397577,
0x1C71122BB75c6cEEe7Dfe50A45dc571f784f5CaB,
0x4661b0fE35637903E9224c711aCEF0dcFCdfD222,
0xD1fd5194d86DE2822a161c4390b295619E944810,
0x010edAFA8a3C464413A680a1F6a7115B4eE4c74d,
0x12F0156ec313Ee32aC99e22Cc111587343E8dCc7,
0x2227de445Dbfd90712C48bCD74D492CccA1Cb242,
0x4Bd778F519787bDAe6Bd21E504d667210366Ca43,
0x91CcCe5dEF7544A06Ae4319c2B1D460075540d04,
0x475b6ff6603F17177B7E419d1aD2791fb82a3a56,
0x83EAaaDe60f906361c62fE41EaaC89a726e92097,
0xEB5e8f610eFa401084b344c17D0ebC4608549FB4,
0x22703192ea34Ff0805F507cA37FB3B3Aa8d4ff1e,
0xfb7E1dc93eA3DAC564566346bb5F3c239CFd9f82,
0x7536f5029bB40fbB3a8fDd1Fc0D8D7939bA5cBa8,
0xDc7A05fD3A3144C1d46e65828F53EB47c84d9366,
0x0defa6C5230d1C966381faa4537D0111D9570e73,
0x3858CABC26239038C74AD6B03B78b441383364Be,
0x568f02EE272909ae9352188D4EA406Df810Ba4dE,
0xc496D84215d5018f6F53E7F6f12E45c9b5e8e8A9,
0x23696032fc51f9Be0c46FE591fF58C37D5A0E210,
0x42599aaF424Fb68EA74E83A03a585F0D11De2a2E,
0x53eA9043ACb6b4d17c29076fB23DC537Fcc6cE93,
0x489Cc1daD0E18986242095F50728703631B20ec9,
0xfBf647339760843ECF09f1eE4F914e65bF6d5C84,
0xF6AAFb44BC183D3083BFAe12D743d947Ca376562,
0xE3bC0f44Eef3aD44FA419A3cda7679B14bd778E3,
0x05e9E70017888BDd48D36C0429a008D227829073,
0xB92197BCf7793a69291740723F19CFbD152E91F5,
0xAD68d58677eB8392A8be8B5fD38Ab43051c5e754,
0x4A64c52715EC10172ebaADE3f718e41cac91d169,
0x353257C867FF0e42949Fcbf11a11929020ED89d8,
0x89cd22ee146B51B9148A78588e1973bCa7db6c7a,
0x3B276504979f3F845e66D2e6ba16eb3b452640a1,
0xC9e303802246e2D1d60ee76D26Bc20e566741acc,
0x3f9A71cD849B5447AfAF1CBF8F835FDa2F4424c8,
0xFE1b81c7bd801d1190aaA82fFaAd85Eee5413040,
0x0405eCD9Bb457c7d71589Fd3e90eb4d347D75F6A,
0x91a7EBf9064c9089610aa5532244ebfc62fD7090,
0x1e5f42fc795A18ef8d9Da6c10bd9Ac613f84B192,
0x7003815e5B6250a85BE09468571F97552168B575,
0x4501E710f10381C5AA8C0F763813836A2Fb22654,
0x93fbADba834A53Dde762a2Ef637800C335991f56,
0x63ba3c3e39bDA4dcaB7aA5B57c6DD04c591383b3,
0x21bBE69057Ba0aa8b99BCbe398c21197045FCea7,
0x56fE07d6B02c72b0877717Ccfa04219B76aC93fB,
0x0c2fC158048c384251d679eA9Fef0603FC976A13,
0xA19EA7601FFa8899FA464A63F5a6D37e0543121c,
0x19f6961e77226CB2d94d44850c5E120743d3f95f,
0xa276DeDd3cebF52a2172818d79aef22409Ff474E,
0xAfdC674b9e4832AD65effd133bFC124B9123f491,
0xDd7505c412a3125bbba5E0021D9B069991F9601a,
0x55FC879A55962E3dDf34027d936a46127C4BfB8c,
0xC385eD573236fcf5576249CcD98057657b9Cc60C,
0x5a2E0d66eCB2441dC9C63c54D7cc9cbF156f5D4F,
0xce6F3A2dF39B995EF607E55cFcbC082859Ae682e,
0xE5E4D429a735acBC507473ed1771b65533Bdd80b,
0x052DbbDd4B9A1De605C73b6fB91CA9233f68A7B8,
0x520aB114925Ae2432CE62dE80f3682b0A36d7517,
0x37fcaf042e06C309e266062364597B2443fC546e,
0x5a0962239D08784121E666C90107A0483923183B,
0x110b3b6d1D6E79dEb05aBB333f111CC6E4195569,
0x67E876D0724AdD082e60f1AAd7C806b85Cb22018,
0xaB53F4Db7Fe4B8C45547a71a857cBCB5AD3Aa4BF,
0x247285bcbD9b34Ca32Ea759139fa99Df38796bA7,
0x39539E16eFD9604258e60F25C6d1022c0983873d,
0x3E085F11111CDDDB4F76578427c8e0fe7369FECa,
0x2a34Fcc64C81a0f94Bd3F573f5c5AD704344Ac49,
0x94D995B99DCda2e693Cc749478eecC1b593a875e,
0xA5359a108F0B4286C9076655570E923cc0374D8C,
0x32169BE91d92e39B3b498e00ad2325b000f4314C,
0x9FAE9e1bed1f278322c6Fb2B7746B5Aa7E230fE8,
0x66DDc5648ae9fdde6bb3cEA31AbF73f0De70D039,
0xab6f427215B03B7b3aC95e3415FEED2D3516B74C,
0x72135dA214865673A021bb507067cE1233298F68,
0xEB47c62F721bCa2Af22293E4837714F9Da478d04,
0x7bC94530497bbe9f3dd85A973f09B922433AA242,
0x64258D3974b9EF915cC603F19dD9F3Bcec419AbB,
0x6A9d91302cc13F2dc75663d8be563cf953D18C00,
0xD28773e118611e9aEF2B8139Fe8AB2e6a9AdD2f4,
0xb28873E6A7313904E4b97CFf3f169c5F8096A292,
0x4C6b8129FD451C9c346be303B713FF5126F2c80A,
0xc19EfB664f577aB794e00006707262148230d8E4,
0x3B1Ad12A6d8e9cF341f13920B05f780CA5500643,
0x0614A8026CB32A807774D33547C861BA9769C7d3,
0x46B30eff7d8750b5b2eBAf40b07Bd6e911867d22,
0x6e473f0EBFfdf3eEb0331e2fE0D9bc7CCc98ca21,
0x2eD4d0D2b44a62814aC196C585efa2E65aAb8397,
0x0cf41fF8A42DfBe047A9Bfe6c84e8721DC9F7AD1,
0xb14cE82F37a6108691c7f659174FBE4572f3e757,
0x8DE02b898091a2401f2D89f6cf3C50307c329492,
0xe264886FEb92E9c6A92fA196DFDC09D330B66c17,
0xA5109D7E4790143a91D673Ba545405Bf396806CF,
0xbe74cBD2FC8F7cEa0B148d4CE2dc6e1Bb2D92b47,
0x8DC4310F20d59BA458b76A62141697717f93FA41,
0xF8a26a223cd5cBe94513768E54671913eF6D8BD4,
0x87CB6469B8d4de67220D306529beDfF53a319264,
0x59165f6219936b1E6A970c44F750d588d1F5D558,
0xD20971cffDbA751ba01817A8C62B343113283030,
0x10FE160Dae09a8D2fcE9D19767f0E888237cDAe1,
0x259F962e77262eE8d97cc6a112D0E0321323ea0d,
0x2993E1D02b11377f44455AEdc618C705acbb0591,
0x09f258F399c421aFFf697FF75CAca4bA3C73f02b,
0x5D9E720a1c16B98ab897165803C4D96E8060b8E4,
0x6957D2139d29E7DB7913ac21e813f2a561E47aC8,
0x8F70b3aC45A6896532FB90B992D5B7827bA88d3C,
0x049808d5EAA90a2665b9703d2246DDed34F1EB73,
0xCD7f6b72049C3b54416f9F26392cB271e74ca3FD,
0x0a8f4E308B17F836eAb6493F42E48ac07D30946D,
0x7565DEdDCB83a14B185eb9520914bB918cDfE983,
0x0Ae3d5949202165584A270cbac7A733b0307a766,
0xD1561cc5C5Db8092c2D48285E6E523099c943B25,
0xefD7b75921E2c10EdFD92c9771C19A8A30591e69,
0x5d1ae76a12eb4450F2436Ab92234B21B2265625c,
0x39432039ddBd6fC67668386C897e54c1c5554CE4,
0x7aa69b5EE49C4D3170e037960ca6c83F61241395,
0xB2218bC679868bBaaC432Ec58fb4050870894E18,
0x290420874BF65691b98B67D042c06bBC31f85f11,
0xf4ACCDFA928bF863D097eCF4C4bB57ad77aa0cb2,
0x5eE42438d0D8fc399C94ef3543665E993e847b49,
0x070DcB7ba170091F84783b224489aA8B280c1A30,
0x5A045587a967e75F319c22D4B29356D8595158bC,
0x9d156bc7c8768294510A4A41883d5A4EB15b15E3,
0xbCb5DC467D09d518a0EBa0bd968A3ecfB37768C8,
0x2eCC650E73D984DB98c2d239108D2931BdAB7028,
0x4DbE965AbCb9eBc4c6E9d95aEb631e5B58E70d5b,
0x31E985b4f7af6B479148d260309B7BcEcEF0fa7B,
0xA5f8e2881a275344Fe744B30C0b7066DB8Ace1f3,
0x035E8A0A57f24FD10D447c6cE44524513dd6e09C,
0x12b9eeBf7960fB75B4e3A77af97C8A4f5f6cce34,
0xab2Ce6d5dE3BCa43bdFDF2aa27adA10a99F806A4,
0xF2398a92aF4619843A08e3C34e5A23918EB4cD5A,
0x169115df3ed3aaBa3Fd8208ac2E96E0bDCDe7106,
0x10E357D64BA6eBa02006C296004b4A26ff335524,
0x33B357B809c216cA9815ff340088C11b510e3434,
0x20F875955007C41fC3d72DF4CFAec4FB806DA03a,
0x9f953211e1C05548B9A4fc8eD3Ea3Ee90B971E5F,
0x8F8Eb9da0c845Fcf83eb1a4B8B727116b96b87eD,
0x3280D8C346cAD8e553461E0BC9F13abA7aB5C92e,
0x5E3667EB653A8583baC8cEb5aEe41dC680B2C315,
0xAE063a1874388EBCAc879127Bd43cDaEb8a0fC2C,
0x172d894dB40435D04A099e081eade6492D3E71a8,
0xBd862dd8dC9f13AFA5D284247A3a798543f78D06,
0x710f9a3Af0CA1195dDB8d63835f1a56107A94d1e,
0x23D20d8786Ef45F2108c45FDAA6159688B2BDC95,
0x1711bc52bf7e0494325799717fe640F1924617B7,
0xb86480BE80064e9ADDa8410eB5538BBc23aab7c8,
0x6FFfCa5fa620cfEa86b6160447562D7A3CE9D057,
0x8f7543Ff1AfaD53490FEE214e51081486c216F20,
0xE4449853E77F8258b5bfb872c6D4799E125d29fF,
0xA8d9de39b8FDccE37C0685a3CFF7347a535B6388,
0xE2008Ef79a7d0D75EdAE70263384D4aC5D1A9f9A,
0xB117a08963Db62c31070eEdff0e192176251a3Fb,
0xFF5a08d8b76943272F03ECfc274b0d60024a8686,
0xb52645eeEE34fC0D74FB4825E68cB9b32577D03A,
0xeb2aa8a143e2dD0fA34F081010e6020d6610964b,
0x437BA7aF8E1F1BD52b73f4122c5Dce668fA1dA2B,
0xC5E114E271c0FD3b731614694baBee826Fa90c4e,
0x876eB0f53671DcA4c0D0E4E72B2d2f0D7461AD9B,
0xde655D29A0098Cbc2C80945F0f1338d43A4779A1,
0x036bbCd47e8a66c4F1559674b3993dF75070648B,
0x24E66ece2DB1Bec53E7c554e9214B3100dA2f8ae,
0xDe88D8e555440eA26E63aDCE45b3a77c2A4f9a53,
0x01abF9ec08aBFcAfa02E15E827c2e0c0F10EF37A,
0x3adB2f2A408C2F9aac838256353e63E44fe379AB,
0x128C9D9908b929583893004C7616DE98836A1C5E,
0x18edbc5952B066AB94c450B5d445882dCdc97076,
0x98e8494DEb48f06Ad426555312284055623aa9cF,
0xA29Cb15612357Cfc4A0E0Da50676E239554046E8,
0xEbcAC632A2a4e56A0a3CCb7683cd6ec1B044E8ED,
0xbBa5746D99b802DE15E01D025384ae10e83b9c23,
0x1fae6688948fb9f8BeefCD057C9e2fA8bFfBebA8,
0x3d7aED0D3da0B1f07e1a6C65354F223303F5eBc1,
0x0af3c2960A28857A018DD31A273B37a99a65A1c4,
0xcE90dd9d6f4388fFaaE48d3B1c36d0b59919c2b2,
0xF51956AD237556f2dEaAb19d6FDCa9e2Fa14A408,
0x778E6c00Be68687c9125c0f7bd411703AC477027,
0x6CDEA5e1A5655c2b3C633c7B98aB32C26f529B6b,
0xF1aD7F66f1050D0e55967C4c4c2aa0FCc3197D6C,
0xe04ffFE3a36aCfFFdcD63c41813b1CdB69Bb6591,
0xf5d63F15FD8981C86216c5A75d1c33824B35Ea7F,
0x9b1a1d93cbc4C3A5584b7E58656e6DAC00B4Fcee,
0x8DF6362fEe71798060E13246795d78144Bc1E83E